sha,mop actual,mop expected,ps1c actual,ps1c expected,ps3cl actual,ps3cl expected,mopCache actual,mopCache expected,mopCacheShared actual,mopCacheShared expected,online actual,online expected,incrementalJar actual,incrementalJar expected,jarThreads actual,jarThreads expected,cleanByteCode actual,cleanByteCode expected,storeHashes actual,storeHashes expected,incrementalJarThreads actual,incrementalJarThreads expected,cleanByteCodeThreads actual,cleanByteCodeThreads expected,storeHashesThreads actual,storeHashesThreads expected,methodCIA actual,methodCIA expected,classCIA actual,classCIA expected,dynamicCIA actual,dynamicCIA expected,methodCIAThreads actual,methodCIAThreads expected,dynamicCIAThreads actual,dynamicCIAThreads expected,classCIAThreads actual,classCIAThreads expected
0b6b6a2ed3e4710a76a55aeac6e41a72b9ebeab1,14,46,14,46,14,46,14,46,14,46,14,46,14,46,14,46,14,46,14,46,14,46,14,46,14,46,14,46,14,46,14,46,14,46,14,46,14,46
a6b4031f9a574b9f7322194ec45cc6cc845a2da4,33,35,19,35,0,35,31,35,31,35,31,35,31,35,31,35,31,35,31,35,33,35,30,35,31,35,31,35,31,35,31,35,31,35,31,35,31,35
8d47d7d846e55d1eba6fbcb286909bb9e6c2b23c,0,0,0,0,0,0,0,0,0,0,0,0,0,0,0,0,0,0,0,0,0,0,0,0,0,0,0,0,0,0,0,0,0,0,0,0,0,0
1c88a25efbdb7f9294b6f5e386debcfb51ade230,0,0,0,0,0,0,0,0,0,0,0,0,0,0,0,0,0,0,0,0,0,0,0,0,0,0,0,0,0,0,0,0,0,0,0,0,0,0
a5430d96dd7af6eff5cfb0ae5fbab5e404f49038,0,0,0,0,0,0,0,0,0,0,0,0,0,0,0,0,0,0,0,0,0,0,0,0,0,0,0,0,0,0,0,0,0,0,0,0,0,0
979cbe8b2127495e5fd326ee05523924ac2f7ec6,4,4,2,4,0,4,4,4,4,4,4,4,4,4,4,4,3,4,3,4,4,4,3,4,3,4,3,4,3,4,3,4,3,4,3,4,3,4
7159161974f3d2211a3185dd345976771bb6ef14,0,0,0,0,0,0,0,0,0,0,0,0,0,0,0,0,0,0,0,0,0,0,0,0,0,0,0,0,0,0,0,0,0,0,0,0,0,0
bedb1d76063d1cd23be216e238e3e850e896440b,0,0,0,0,0,0,0,0,0,0,0,0,0,0,0,0,0,0,0,0,0,0,0,0,0,0,0,0,0,0,0,0,0,0,0,0,0,0
0200591e68d89d1a1bcfe7f6f8145a43fb129542,0,3,2,3,0,3,2,3,2,3,2,3,1,3,2,3,0,3,2,3,1,3,2,3,1,3,1,3,1,3,0,3,0,3,0,3,2,3
a4142b9d31841aea41cb8d3560f6b4ba8e9ce9dc,1,2,1,2,1,2,1,2,2,2,2,2,2,2,1,2,1,2,1,2,2,2,1,2,1,2,1,2,1,2,1,2,2,2,1,2,1,2
b5b316dd947356a40b4dc433dc9bf0cbc7f20fbc,0,0,0,0,0,0,0,0,0,0,0,0,0,0,0,0,0,0,0,0,0,0,0,0,0,0,0,0,0,0,0,0,0,0,0,0,0,0
2f1033a0588c4f1b3cb69c2f4c66f3d02d4f1a4c,0,0,0,0,0,0,0,0,0,0,0,0,0,0,0,0,0,0,0,0,0,0,0,0,0,0,0,0,0,0,0,0,0,0,0,0,0,0
f1ab912108eec627afd45ac6ba4b3d34f9531aaa,0,0,0,0,0,0,0,0,0,0,0,0,0,0,0,0,0,0,0,0,0,0,0,0,0,0,0,0,0,0,0,0,0,0,0,0,0,0
e680e98b2c0fa4f281c4889264781271f4342285,0,0,0,0,0,0,0,0,0,0,0,0,0,0,0,0,0,0,0,0,0,0,0,0,0,0,0,0,0,0,0,0,0,0,0,0,0,0
ab71efabaf1f1c4ddc955e813eec46a06bfe3c06,0,0,0,0,0,0,0,0,0,0,0,0,0,0,0,0,0,0,0,0,0,0,0,0,0,0,0,0,0,0,0,0,0,0,0,0,0,0
29bf145d1a62492ad57ea698b97cbf7516b053d4,0,0,0,0,0,0,0,0,0,0,0,0,0,0,0,0,0,0,0,0,0,0,0,0,0,0,0,0,0,0,0,0,0,0,0,0,0,0
c9258a07e0870398719537a0dcd4899cf6059528,2,2,2,2,2,2,2,2,2,2,2,2,2,2,2,2,2,2,2,2,2,2,2,2,2,2,2,2,2,2,2,2,2,2,2,2,2,2
8b03a3fc2899f03f1fd5a38af67ee2a3a6105c8b,0,0,0,0,0,0,0,0,0,0,0,0,0,0,0,0,0,0,0,0,0,0,0,0,0,0,0,0,0,0,0,0,0,0,0,0,0,0
cb065e0459e8a2f96af5fc75d3a40e48cd4179fb,1,1,1,1,0,1,1,1,1,1,1,1,1,1,1,1,1,1,1,1,1,1,1,1,1,1,1,1,1,1,1,1,1,1,1,1,1,1
58933f01abcb1c913abb4dadda7a50cebcfa86c8,0,0,0,0,0,0,0,0,0,0,0,0,0,0,0,0,0,0,0,0,0,0,0,0,0,0,0,0,0,0,0,0,0,0,0,0,0,0
c44ca0051c4fd27117e54174b0d0f07cbc0aecc0,0,0,0,0,0,0,0,0,0,0,0,0,0,0,0,0,0,0,0,0,0,0,0,0,0,0,0,0,0,0,0,0,0,0,0,0,0,0
326352782b0ef56a31dcef08377a2cf34f5018b3,0,0,0,0,0,0,0,0,0,0,0,0,0,0,0,0,0,0,0,0,0,0,0,0,0,0,0,0,0,0,0,0,0,0,0,0,0,0
776c5e5f8415984c2d8400ee2f9738ebd7d5b37d,0,0,0,0,0,0,0,0,0,0,0,0,0,0,0,0,0,0,0,0,0,0,0,0,0,0,0,0,0,0,0,0,0,0,0,0,0,0
9ac7d6eb99b85782fb585ca2200b89b34dddcc6f,0,0,0,0,0,0,0,0,0,0,0,0,0,0,0,0,0,0,0,0,0,0,0,0,0,0,0,0,0,0,0,0,0,0,0,0,0,0
48914cf0436b93951720ff350f22bff06a849089,0,1,0,1,0,1,0,1,0,1,1,1,1,1,0,1,1,1,0,1,1,1,0,1,1,1,1,1,1,1,1,1,0,1,1,1,1,1
105eb88c47d0efd8800421c28f465c080ac5e48e,0,0,0,0,0,0,0,0,0,0,0,0,0,0,0,0,0,0,0,0,0,0,0,0,0,0,0,0,0,0,0,0,0,0,0,0,0,0
